{
"name":"submarine",
"bones":[
{
"name":"root",
"parent":null,
"pos":{"x": 1.9542865753173828, "y": -3.908567428588867},
"rot": -1.5913411378860474,
"sprites":[
]
}
,{
"name":"body",
"parent":"root",
"pos":{"x": -39.13766098022461, "y": -140.5649871826172},
"rot": 0.0,
"sprites":[
{
"name":"sub_body"
,"pos":{"x":78.2950439453125, "y":-1.6620330810546875}
,"rot":9.31322685637781e-10
}
]
}
,{
"name":"helix",
"parent":"body",
"pos":{"x": 3.9402711391448975, "y": -193.42041015625},
"rot": -3.1274099349975586,
"sprites":[
{
"name":"helix_0"
,"pos":{"x":-59.24322509765625, "y":8.44476318359375}
,"rot":0.0
}
,{
"name":"helix_1"
,"pos":{"x":-55.734066009521484, "y":11.875961303710938}
,"rot":0.0
}
,{
"name":"helix_2"
,"pos":{"x":-57.027671813964844, "y":7.7613067626953125}
,"rot":0.0
}
,{
"name":"helix_3"
,"pos":{"x":-59.14695739746094, "y":9.586990356445312}
,"rot":0.0
}
,{
"name":"helix_4"
,"pos":{"x":-56.8121337890625, "y":8.830108642578125}
,"rot":0.0
}
]
}
,{
"name":"top",
"parent":"body",
"pos":{"x": -32.17866897583008, "y": -146.28610229492188},
"rot": 0.0,
"sprites":[
{
"name":"sub_top"
,"pos":{"x":68.77685546875, "y":75.02853393554688}
,"rot":0.0
}
]
}
]
}
